collection	component_files	sample	source_rpf
a_c_chop	52	accs_000_u.ydd	streamedpeds_a_c.rpf
a_c_husky	16	head_000_r.ydd	streamedpeds_a_c.rpf
a_c_mtlion	16	head_000_r.ydd	streamedpeds_a_c.rpf
a_c_panther	12	head_000_r.ydd	mpheist4_streamed.rpf
a_c_retriever	26	accs_000_u.ydd	streamedpeds_a_c.rpf
a_c_rottweiler	60	accs_000_u.ydd	streamedpeds_a_c.rpf
a_c_sharktiger	16	head_000_r.ydd	streamedpeds_a_c.rpf
a_c_shepherd	20	accs_000_u.ydd	streamedpeds_a_c.rpf
csb_mp_agent14	32	feet_000_u.ydd	mpheist_streamedpeds.rpf
cs_amandatownley	150	accs_000_u.ydd	cutspeds.rpf
cs_amandatownley_02	32	accs_000_u.ydd	mp2025_02_cutspeds.rpf
cs_amandatownley_p	8	p_eyes_000.ydd	streamedpedprops.rpf
cs_andreas	74	accs_000_u.ydd	cutspeds.rpf
cs_ashley	36	accs_000_r.ydd	cutspeds.rpf
cs_bankman	32	accs_000_u.ydd	cutspeds.rpf
cs_barry	28	feet_000_u.ydd	cutspeds.rpf
cs_barry_p	4	p_eyes_000.ydd	streamedpedprops.rpf
cs_beverly	48	accs_000_u.ydd	cutspeds.rpf
cs_beverly_p	4	p_eyes_000.ydd	streamedpedprops.rpf
cs_brad	52	accs_000_r.ydd	cutspeds.rpf
cs_bradcadaver	24	accs_000_r.ydd	cutspeds.rpf
cs_brad_p	4	p_head_000.ydd	streamedpedprops.rpf
cs_carbuyer	16	hand_000_r.ydd	cutspeds.rpf
cs_carbuyer_p	2	p_eyes_000.ydd	streamedpedprops.rpf
cs_casey	24	hair_000_u.ydd	cutspeds.rpf
cs_casey_p	4	p_head_000.ydd	streamedpedprops.rpf
cs_chengsr	36	accs_000_u.ydd	cutspeds.rpf
cs_chrisformage	108	accs_000_u.ydd	cutspeds.rpf
cs_clay	24	accs_000_u.ydd	cutspeds.rpf
cs_clay_p	8	p_eyes_000.ydd	streamedpedprops.rpf
cs_dale	24	hair_000_r.ydd	cutspeds.rpf
cs_davenorton	150	accs_000_r.ydd	cutspeds.rpf
cs_davenorton_p	16	p_eyes_000.ydd	streamedpedprops.rpf
cs_debra	28	accs_000_u.ydd	cutspeds.rpf
cs_debra_p	4	p_eyes_000.ydd	streamedpedprops.rpf
cs_denise	48	accs_000_u.ydd	cutspeds.rpf
cs_denise_p	8	p_eyes_000.ydd	streamedpedprops.rpf
cs_devin	324	accs_000_u.ydd	cutspeds.rpf
cs_devin_p	4	p_eyes_000.ydd	streamedpedprops.rpf
cs_dom	46	accs_000_u.ydd	cutspeds.rpf
cs_dom_p	4	p_eyes_000.ydd	streamedpedprops.rpf
cs_dreyfuss	28	accs_000_u.ydd	cutspeds.rpf
cs_drfriedlander	42	berd_000_r.ydd	cutspeds.rpf
cs_drfriedlander_02	32	berd_000_r.ydd	mpchristmas3_cutspeds.rpf
cs_fabien	46	accs_000_u.ydd	cutspeds.rpf
cs_fabien_p	4	p_head_000.ydd	streamedpedprops.rpf
cs_fbisuit_01	28	accs_000_u.ydd	cutspeds.rpf
cs_floyd	78	accs_000_u.ydd	cutspeds.rpf
cs_floyd_p	4	p_eyes_000.ydd	streamedpedprops.rpf
cs_guadalope	28	accs_000_u.ydd	cutspeds.rpf
cs_guadalope_p	4	p_eyes_000.ydd	streamedpedprops.rpf
cs_gurk	32	accs_000_u.ydd	cutspeds.rpf
cs_hunter	28	berd_000_u.ydd	cutspeds.rpf
cs_janet	24	hair_000_r.ydd	cutspeds.rpf
cs_jewelass	28	accs_000_u.ydd	cutspeds.rpf
cs_jewelass_p	4	p_eyes_000.ydd	streamedpedprops.rpf
cs_jimmyboston	28	accs_000_u.ydd	cutspeds.rpf
cs_jimmyboston_p	4	p_eyes_000.ydd	streamedpedprops.rpf
cs_jimmydisanto	186	accs_000_u.ydd	cutspeds.rpf
cs_jimmydisanto2	44	berd_000_u.ydd	mpheist3_cutspeds.rpf
cs_jimmydisanto2_p	4	p_eyes_000.ydd	mpheist3_cutspeds_p.rpf
cs_jimmydisanto_p	8	p_eyes_000.ydd	streamedpedprops.rpf
cs_joeminuteman	24	accs_000_u.ydd	cutspeds.rpf
cs_joeminuteman_p	8	p_eyes_000.ydd	streamedpedprops.rpf
cs_johnnyklebitz	30	hand_000_r.ydd	cutspeds.rpf
cs_josef	24	accs_000_u.ydd	cutspeds.rpf
cs_josef_p	8	p_eyes_000.ydd	streamedpedprops.rpf
cs_josh	24	hair_000_r.ydd	cutspeds.rpf
cs_karen_daniels	76	accs_000_u.ydd	mpheist_cutspeds.rpf
cs_lamardavis	126	accs_000_u.ydd	cutspeds.rpf
cs_lamardavis_02	68	accs_000_u.ydd	mpsecurity_cutspeds.rpf
cs_lamardavis_02_p	4	p_eyes_000.ydd	mpsecurity_cutspeds_p.rpf
cs_lamardavis_p	8	p_head_000.ydd	streamedpedprops.rpf
cs_lazlow	122	accs_000_u.ydd	cutspeds.rpf
cs_lazlow_2	64	accs_000_u.ydd	mpbattle_cutspeds.rpf
cs_lestercrest	72	accs_000_u.ydd	cutspeds.rpf
cs_lestercrest_2	24	hair_000_r.ydd	mpchristmas2017_cutspeds.rpf
cs_lestercrest_2_p	4	p_eyes_000.ydd	mpchristmas2017_cutspeds_p.rpf
cs_lestercrest_3	68	accs_000_u.ydd	mpheist3_cutspeds.rpf
cs_lestercrest_3_p	12	p_eyes_000.ydd	mpheist3_cutspeds_p.rpf
cs_lestercrest_p	10	p_eyes_000.ydd	streamedpedprops.rpf
cs_lifeinvad_01	40	accs_000_u.ydd	cutspeds.rpf
cs_lifeinvad_01_p	4	p_eyes_000.ydd	streamedpedprops.rpf
cs_magenta	28	accs_000_u.ydd	cutspeds.rpf
cs_manuel	24	hair_000_r.ydd	cutspeds.rpf
cs_manuel_p	4	p_head_000.ydd	streamedpedprops.rpf
cs_marnie	24	hair_000_r.ydd	cutspeds.rpf
cs_martinmadrazo	50	accs_000_u.ydd	cutspeds.rpf
cs_martinmadrazo_02	32	accs_000_u.ydd	mp2025_01_cutspeds.rpf
cs_martinmadrazo_02_p	4	p_eyes_000.ydd	mp2025_01_cutspeds_p.rpf
cs_martinmadrazo_p	4	p_eyes_000.ydd	streamedpedprops.rpf
cs_maryann	24	hair_000_r.ydd	cutspeds.rpf
cs_michelle	28	accs_000_u.ydd	cutspeds.rpf
cs_milton	64	feet_000_u.ydd	cutspeds.rpf
cs_milton_p	4	p_eyes_000.ydd	streamedpedprops.rpf
cs_molly	62	accs_000_u.ydd	cutspeds.rpf
cs_molly_p	4	p_eyes_000.ydd	streamedpedprops.rpf
cs_movpremf_01	348	accs_000_u.ydd	cutspeds.rpf
cs_movpremmale	72	feet_000_u.ydd	cutspeds.rpf
cs_movpremmale_p	24	p_eyes_000.ydd	streamedpedprops.rpf
cs_mrk	104	accs_000_u.ydd	cutspeds.rpf
cs_mrsphillips	28	accs_000_u.ydd	cutspeds.rpf
cs_mrs_thornhill	28	hair_000_r.ydd	cutspeds.rpf
cs_mrs_thornhill_p	4	p_eyes_000.ydd	streamedpedprops.rpf
cs_natalia	40	accs_000_u.ydd	cutspeds.rpf
cs_natalia_p	4	p_eyes_000.ydd	streamedpedprops.rpf
cs_nervousron	146	accs_000_u.ydd	cutspeds.rpf
cs_nervousron_02	40	accs_000_u.ydd	mpchristmas3_cutspeds.rpf
cs_nervousron_02_p	8	p_eyes_000.ydd	mpchristmas3_cutspeds_p.rpf
cs_nervousron_cs_ronheist	12	decl_000_u.ydd	mpheist_cutspeds.rpf
cs_nervousron_p	16	p_ears_000.ydd	streamedpedprops.rpf
cs_nigel	28	accs_000_r.ydd	cutspeds.rpf
cs_old_man1a	24	hair_000_r.ydd	cutspeds.rpf
cs_old_man1a_p	4	p_head_000.ydd	streamedpedprops.rpf
cs_old_man2	36	accs_000_u.ydd	cutspeds.rpf
cs_omega	40	accs_000_u.ydd	cutspeds.rpf
cs_omega_p	4	p_eyes_000.ydd	streamedpedprops.rpf
cs_orleans	54	accs_000_u.ydd	cutspeds.rpf
cs_paper	28	accs_000_r.ydd	cutspeds.rpf
cs_paper_p	4	p_eyes_000.ydd	streamedpedprops.rpf
cs_patricia	48	accs_000_u.ydd	cutspeds.rpf
cs_patricia_02	54	accs_000_u.ydd	mpheist4_cutspeds.rpf
cs_patricia_02_p	4	p_lwrist_000.ydd	mpheist4_cutspeds_p.rpf
cs_priest	36	accs_000_u.ydd	cutspeds.rpf
cs_priest_p	4	p_eyes_000.ydd	streamedpedprops.rpf
cs_prolsec_02	36	accs_000_u.ydd	cutspeds.rpf
cs_prolsec_02_p	4	p_head_000.ydd	streamedpedprops.rpf
cs_russiandrunk	48	berd_000_u.ydd	cutspeds.rpf
cs_russiandrunk_p	4	p_eyes_000.ydd	streamedpedprops.rpf
cs_siemonyetarian	36	feet_000_u.ydd	cutspeds.rpf
cs_solomon	54	accs_000_u.ydd	cutspeds.rpf
cs_solomon_p	4	p_eyes_000.ydd	streamedpedprops.rpf
cs_stevehains	118	accs_000_u.ydd	cutspeds.rpf
cs_stevehains_p	12	p_eyes_000.ydd	streamedpedprops.rpf
cs_stretch	28	accs_000_u.ydd	cutspeds.rpf
cs_stretch_p	4	p_head_000.ydd	streamedpedprops.rpf
cs_tanisha	28	accs_000_u.ydd	cutspeds.rpf
cs_taocheng	66	accs_000_u.ydd	cutspeds.rpf
cs_taocheng2	90	accs_000_u.ydd	mpvinewood_cutspeds.rpf
cs_taocheng2_p	4	p_eyes_000.ydd	mpvinewood_cutspeds_p.rpf
cs_taocheng_p	6	p_eyes_000.ydd	streamedpedprops.rpf
cs_taostranslator	64	hair_000_u.ydd	cutspeds.rpf
cs_taostranslator2	44	accs_000_u.ydd	mpvinewood_cutspeds.rpf
cs_taostranslator2_p	6	p_eyes_000.ydd	mpvinewood_cutspeds_p.rpf
cs_taostranslator_p	6	p_eyes_000.ydd	streamedpedprops.rpf
cs_tenniscoach	36	hair_000_r.ydd	cutspeds.rpf
cs_tenniscoach_p	4	p_eyes_000.ydd	streamedpedprops.rpf
cs_terry	24	accs_000_u.ydd	cutspeds.rpf
cs_tom	16	hair_000_r.ydd	cutspeds.rpf
cs_tomepsilon	28	decl_000_u.ydd	cutspeds.rpf
cs_tracydisanto	132	accs_000_u.ydd	cutspeds.rpf
cs_tracydisanto_p	12	p_eyes_000.ydd	streamedpedprops.rpf
cs_wade	122	accs_000_u.ydd	cutspeds.rpf
cs_wade_p	8	p_eyes_000.ydd	streamedpedprops.rpf
cs_zimbor	24	hair_000_r.ydd	cutspeds.rpf
cs_zimbor_p	8	p_eyes_000.ydd	streamedpedprops.rpf
hc_driver	272	accs_000_u.ydd	streamedpeds_hc.rpf
hc_driver_p	26	p_ears_000.ydd	streamedpedprops.rpf
hc_gunman	960	accs_000_u.ydd	streamedpeds_hc.rpf
hc_gunman_p	144	p_ears_000.ydd	streamedpedprops.rpf
hc_hacker	80	accs_000_u.ydd	streamedpeds_hc.rpf
hc_hacker_p	12	p_ears_000.ydd	streamedpedprops.rpf
ig_agent	54	feet_000_u.ydd	mpheist_streamedpeds.rpf
ig_amandatownley	162	accs_000_u.ydd	streamedpeds_ig.rpf
ig_amandatownley_02	32	accs_000_u.ydd	mp2025_02_streamed.rpf
ig_amandatownley_p	8	p_eyes_000.ydd	streamedpedprops.rpf
ig_andreas	74	accs_000_u.ydd	streamedpeds_ig.rpf
ig_ballasog	90	decl_000_u.ydd	streamedpeds_ig.rpf
ig_ballasog_p	16	p_ears_000.ydd	streamedpedprops.rpf
ig_brad	52	accs_000_r.ydd	streamedpeds_ig.rpf
ig_brad_p	4	p_head_000.ydd	streamedpedprops.rpf
ig_davenorton	154	accs_000_r.ydd	streamedpeds_ig.rpf
ig_davenorton_p	16	p_eyes_000.ydd	streamedpedprops.rpf
ig_denise	48	accs_000_u.ydd	streamedpeds_ig.rpf
ig_denise_p	8	p_eyes_000.ydd	streamedpedprops.rpf
ig_devin	164	accs_000_u.ydd	streamedpeds_ig.rpf
ig_devin_p	4	p_eyes_000.ydd	streamedpedprops.rpf
ig_dom	46	accs_000_u.ydd	streamedpeds_ig.rpf
ig_dom_p	8	p_ears_000.ydd	streamedpedprops.rpf
ig_drfriedlander	42	berd_000_r.ydd	streamedpeds_ig.rpf
ig_fabien	42	accs_000_u.ydd	streamedpeds_ig.rpf
ig_floyd	78	accs_000_u.ydd	streamedpeds_ig.rpf
ig_floyd_p	4	p_eyes_000.ydd	streamedpedprops.rpf
ig_jay_norris	44	accs_000_u.ydd	streamedpeds_ig.rpf
ig_jimmydisanto	186	accs_000_u.ydd	streamedpeds_ig.rpf
ig_jimmydisanto_p	8	p_eyes_000.ydd	streamedpedprops.rpf
ig_karen_daniels	88	accs_000_u.ydd	mpheist_streamedpeds.rpf
ig_lamardavis	138	accs_000_u.ydd	streamedpeds_ig.rpf
ig_lamardavis_02	68	accs_000_u.ydd	mpsecurity_streamed.rpf
ig_lamardavis_02_p	4	p_eyes_000.ydd	mpsecurity_streamed_p.rpf
ig_lamardavis_p	16	p_ears_000.ydd	streamedpedprops.rpf
ig_lazlow	118	accs_000_u.ydd	streamedpeds_ig.rpf
ig_lestercrest	66	accs_000_u.ydd	streamedpeds_ig.rpf
ig_lestercrest_p	8	p_eyes_000.ydd	streamedpedprops.rpf
ig_milton	56	feet_000_u.ydd	streamedpeds_ig.rpf
ig_milton_p	4	p_eyes_000.ydd	streamedpedprops.rpf
ig_molly	62	accs_000_u.ydd	streamedpeds_ig.rpf
ig_molly_p	4	p_eyes_000.ydd	streamedpedprops.rpf
ig_mp_agent14	32	feet_000_u.ydd	mpheist_streamedpeds.rpf
ig_mrk	104	accs_000_u.ydd	streamedpeds_ig.rpf
ig_mrk_p	4	p_head_000.ydd	streamedpedprops.rpf
ig_nervousron	44	accs_000_u.ydd	streamedpeds_ig.rpf
ig_nervousron_ig_ronheist	12	decl_000_u.ydd	mpheist_streamedpeds.rpf
ig_nervousron_p	16	p_ears_000.ydd	streamedpedprops.rpf
ig_omega	64	accs_000_u.ydd	streamedpeds_ig.rpf
ig_omega_p	4	p_eyes_000.ydd	streamedpedprops.rpf
ig_orleans	62	accs_000_u.ydd	streamedpeds_ig.rpf
ig_patricia	48	accs_000_u.ydd	streamedpeds_ig.rpf
ig_patricia_02	54	accs_000_u.ydd	mpheist4_streamed.rpf
ig_patricia_02_p	4	p_lwrist_000.ydd	mpheist4_streamed_p.rpf
ig_siemonyetarian	36	feet_000_u.ydd	streamedpeds_ig.rpf
ig_solomon	108	accs_000_u.ydd	streamedpeds_ig.rpf
ig_solomon_p	4	p_eyes_000.ydd	streamedpedprops.rpf
ig_stevehains	118	accs_000_u.ydd	streamedpeds_ig.rpf
ig_stevehains_p	12	p_eyes_000.ydd	streamedpedprops.rpf
ig_stretch	24	accs_000_u.ydd	streamedpeds_ig.rpf
ig_stretch_p	4	p_head_000.ydd	streamedpedprops.rpf
ig_taocheng	66	accs_000_u.ydd	streamedpeds_ig.rpf
ig_taocheng2	90	accs_000_u.ydd	mpvinewood_streamed.rpf
ig_taocheng2_p	4	p_eyes_000.ydd	mpvinewood_streamed_p.rpf
ig_taocheng_p	6	p_eyes_000.ydd	streamedpedprops.rpf
ig_taostranslator	64	hair_000_u.ydd	streamedpeds_ig.rpf
ig_taostranslator2	44	accs_000_u.ydd	mpvinewood_streamed.rpf
ig_taostranslator2_p	6	p_eyes_000.ydd	mpvinewood_streamed_p.rpf
ig_taostranslator_p	6	p_eyes_000.ydd	streamedpedprops.rpf
ig_tenniscoach	36	hair_000_r.ydd	streamedpeds_ig.rpf
ig_tenniscoach_p	4	p_eyes_000.ydd	streamedpedprops.rpf
ig_tracydisanto	254	accs_000_u.ydd	streamedpeds_ig.rpf
ig_tracydisanto_p	12	p_eyes_000.ydd	streamedpedprops.rpf
ig_wade	122	accs_000_u.ydd	streamedpeds_ig.rpf
ig_wade_p	12	p_ears_000.ydd	streamedpedprops.rpf
mp_f_deadhooker	148	accs_000_u.ydd	streamedpeds_mp.rpf
mp_f_execpa_01	314	accs_000_u.ydd	mpexecutive_streamed.rpf
mp_f_execpa_01_p	4	p_ears_000.ydd	mpexecutive_streamed_p.rpf
mp_f_execpa_02	314	accs_000_u.ydd	mpimportexport_streamed.rpf
mp_f_execpa_02_p	4	p_ears_000.ydd	mpimportexport_streamed_p.rpf
mp_f_freemode_01	3892	accs_000_u.ydd	streamedpeds_mp.rpf
mp_f_freemode_01_dbmc_aio	12	accs_000_r.ydd	dbmc_aio_female.rpf
mp_f_freemode_01_female_apt01	586	accs_000_u.ydd	mpapt01.rpf
mp_f_freemode_01_female_freemode_beach	331	accs_000_u.ydd	mpbeach.rpf
mp_f_freemode_01_female_freemode_business	705	accs_000_u.ydd	mpbusiness.rpf
mp_f_freemode_01_female_freemode_business2	34	accs_000_u.ydd	mpbusiness2.rpf
mp_f_freemode_01_female_freemode_halloween	104	berd_000_u.ydd	mphalloween.rpf
mp_f_freemode_01_female_freemode_hipster	588	accs_000_u.ydd	mphipster.rpf
mp_f_freemode_01_female_freemode_independence	198	accs_000_u.ydd	mpindependence.rpf
mp_f_freemode_01_female_freemode_mplts	1023	berd_000_u.ydd	mplts.rpf
mp_f_freemode_01_female_freemode_pilot	803	berd_000_u.ydd	mppilot.rpf
mp_f_freemode_01_female_freemode_valentines	247	accs_000_u.ydd	mpvalentines.rpf
mp_f_freemode_01_female_heist	1834	accs_000_u.ydd	mpheist_streamedpeds.rpf
mp_f_freemode_01_female_xmas	95	accs_000_u.ydd	mpxmas.rpf
mp_f_freemode_01_female_xmas2	188	berd_000_u.ydd	mpxmas2.rpf
mp_f_freemode_01_mp_f_2023_01	1462	accs_000_u.ydd	mp2023_01_female.rpf
mp_f_freemode_01_mp_f_2023_02	1020	accs_000_u.ydd	mp2023_02_female.rpf
mp_f_freemode_01_mp_f_2024_01	738	accs_000_u.ydd	mp2024_01_female.rpf
mp_f_freemode_01_mp_f_2024_02	1508	accs_000_u.ydd	mp2024_02_female.rpf
mp_f_freemode_01_mp_f_2025_01	250	accs_000_u.ydd	mp2025_01_female.rpf
mp_f_freemode_01_mp_f_2025_02	278	accs_000_u.ydd	mp2025_02_female.rpf
mp_f_freemode_01_mp_f_2026_01	296	decl_000_u.ydd	mp2026_01_female.rpf
mp_f_freemode_01_mp_f_airraces_01	324	accs_000_u.ydd	mpairraces_female.rpf
mp_f_freemode_01_mp_f_assault	32	jbib_000_u.ydd	mpassault_female.rpf
mp_f_freemode_01_mp_f_battle	1592	accs_000_u.ydd	mpbattle_female.rpf
mp_f_freemode_01_mp_f_bikerdlc_01	1652	accs_000_u.ydd	mpbiker_female.rpf
mp_f_freemode_01_mp_f_christmas2017	2004	accs_000_u.ydd	mpchristmas2017_female.rpf
mp_f_freemode_01_mp_f_christmas2018	2576	accs_000_u.ydd	mpchristmas2018_female.rpf
mp_f_freemode_01_mp_f_christmas3	1922	accs_000_u.ydd	mpchristmas3_female.rpf
mp_f_freemode_01_mp_f_clothes_01	12	accs_000_u.ydd	mpclothes_female.rpf
mp_f_freemode_01_mp_f_clothing	12	accs_000_u.ydd	mods.rpf
mp_f_freemode_01_mp_f_executive_01	484	accs_000_u.ydd	mpexecutive_female.rpf
mp_f_freemode_01_mp_f_g9ec	194	accs_000_u.ydd	mpg9ec_female.rpf
mp_f_freemode_01_mp_f_gtawhairfemale	484	hair_000_u.ydd	gtawhairfemale_female.rpf
mp_f_freemode_01_mp_f_gunrunning_01	4688	accs_000_u.ydd	mpgunrunning_female.rpf
mp_f_freemode_01_mp_f_gunrunning_hair_01	222	hair_000_u.ydd	mpgunrunning_female.rpf
mp_f_freemode_01_mp_f_heist3	1426	accs_000_u.ydd	mpheist3_female.rpf
mp_f_freemode_01_mp_f_heist4	1284	accs_000_u.ydd	mpheist4_female.rpf
mp_f_freemode_01_mp_f_htb_01	22	berd_000_u.ydd	mpreplay_female.rpf
mp_f_freemode_01_mp_f_importexport_01	1960	accs_000_u.ydd	mpimportexport_female.rpf
mp_f_freemode_01_mp_f_january2016	938	hand_000_u.ydd	mpjanuary2016_female.rpf
mp_f_freemode_01_mp_f_lowrider_01	274	accs_000_u.ydd	mplowrider_female.rpf
mp_f_freemode_01_mp_f_lowrider_02	318	accs_000_u.ydd	mplowrider2_female.rpf
mp_f_freemode_01_mp_f_luxe_01	520	accs_000_u.ydd	mpluxe_female.rpf
mp_f_freemode_01_mp_f_luxe_02	272	jbib_000_u.ydd	mpluxe2_female.rpf
mp_f_freemode_01_mp_f_security	1040	accs_000_u.ydd	mpsecurity_female.rpf
mp_f_freemode_01_mp_f_smuggler_01	988	accs_000_u.ydd	mpsmuggler_female.rpf
mp_f_freemode_01_mp_f_stunt_01	706	accs_000_u.ydd	mpstunt_female.rpf
mp_f_freemode_01_mp_f_sum	1528	accs_000_u.ydd	mpsum_female.rpf
mp_f_freemode_01_mp_f_sum2	1032	accs_000_u.ydd	mpsum2_female.rpf
mp_f_freemode_01_mp_f_sum2_g9ec	94	accs_000_u.ydd	mpsum2_g9ec_female.rpf
mp_f_freemode_01_mp_f_tuner	1012	accs_000_u.ydd	mptuner_female.rpf
mp_f_freemode_01_mp_f_valentines_02	198	accs_000_u.ydd	mpvalentines2_female.rpf
mp_f_freemode_01_mp_f_vinewood	1300	accs_000_u.ydd	mpvinewood_female.rpf
mp_f_freemode_01_mp_f_xmas_03	222	berd_000_u.ydd	mpxmas_604490_female.rpf
mp_f_freemode_01_p	872	p_eyes_000.ydd	streamedpedprops.rpf
mp_f_freemode_01_p_dbmc_aio	4	p_head_000.ydd	dbmc_aio_female_p.rpf
mp_f_freemode_01_p_female_apt01	12	p_head_000.ydd	mpapt01_p.rpf
mp_f_freemode_01_p_female_freemode_beach	142	p_eyes_000.ydd	mpbeach_p.rpf
mp_f_freemode_01_p_female_freemode_business	179	p_eyes_000.ydd	mpbusiness_p.rpf
mp_f_freemode_01_p_female_freemode_hipster	137	p_eyes_000.ydd	mphipster_p.rpf
mp_f_freemode_01_p_female_freemode_independence	82	p_eyes_000.ydd	mpindependence_p.rpf
mp_f_freemode_01_p_female_freemode_mplts	18	p_head_000.ydd	mplts_p.rpf
mp_f_freemode_01_p_female_freemode_pilot	10	p_head_000.ydd	mppilot_p.rpf
mp_f_freemode_01_p_female_heist	160	p_ears_000.ydd	mpheist_streamedpeds_p.rpf
mp_f_freemode_01_p_female_xmas	25	p_head_000.ydd	mpxmas_p.rpf
mp_f_freemode_01_p_female_xmas2	78	p_head_000.ydd	mpxmas2_p.rpf
mp_f_freemode_01_p_mp_f_2023_01	244	p_eyes_000.ydd	mp2023_01_female_p.rpf
mp_f_freemode_01_p_mp_f_2023_02	246	p_eyes_000.ydd	mp2023_02_female_p.rpf
mp_f_freemode_01_p_mp_f_2024_01	230	p_eyes_000.ydd	mp2024_01_female_p.rpf
mp_f_freemode_01_p_mp_f_2024_02	272	p_head_000.ydd	mp2024_02_female_p.rpf
mp_f_freemode_01_p_mp_f_2025_01	48	p_head_000.ydd	mp2025_01_female_p.rpf
mp_f_freemode_01_p_mp_f_airraces_01	54	p_head_000.ydd	mpairraces_female_p.rpf
mp_f_freemode_01_p_mp_f_battle	12	p_head_000.ydd	mpbattle_female_p.rpf
mp_f_freemode_01_p_mp_f_bikerdlc_01	294	p_eyes_000.ydd	mpbiker_female_p.rpf
mp_f_freemode_01_p_mp_f_christmas2017	296	p_eyes_000.ydd	mpchristmas2017_female_p.rpf
mp_f_freemode_01_p_mp_f_christmas2018	226	p_eyes_000.ydd	mpchristmas2018_female_p.rpf
mp_f_freemode_01_p_mp_f_christmas3	510	p_eyes_000.ydd	mpchristmas3_female_p.rpf
mp_f_freemode_01_p_mp_f_clothes_01	8	p_eyes_000.ydd	mpclothes_female.rpf
mp_f_freemode_01_p_mp_f_executive_01	16	p_head_000.ydd	mpexecutive_female_p.rpf
mp_f_freemode_01_p_mp_f_g9ec	16	p_head_000.ydd	mpg9ec_female_p.rpf
mp_f_freemode_01_p_mp_f_gunrunning_01	456	p_head_000.ydd	mpgunrunning_female_p.rpf
mp_f_freemode_01_p_mp_f_heist3	332	p_head_000.ydd	mpheist3_female_p.rpf
mp_f_freemode_01_p_mp_f_heist4	282	p_eyes_000.ydd	mpheist4_female_p.rpf
mp_f_freemode_01_p_mp_f_importexport_01	98	p_head_000.ydd	mpimportexport_female_p.rpf
mp_f_freemode_01_p_mp_f_january2016	180	p_eyes_000.ydd	mpjanuary2016_female_p.rpf
mp_f_freemode_01_p_mp_f_lowrider_01	96	p_ears_000.ydd	mplowrider_female_p.rpf
mp_f_freemode_01_p_mp_f_lowrider_02	8	p_ears_000.ydd	mplowrider2_female_p.rpf
mp_f_freemode_01_p_mp_f_luxe_01	160	p_ears_000.ydd	mpluxe_female_p.rpf
mp_f_freemode_01_p_mp_f_luxe_02	78	p_head_000.ydd	mpluxe2_female_p.rpf
mp_f_freemode_01_p_mp_f_security	428	p_eyes_000.ydd	mpsecurity_female_p.rpf
mp_f_freemode_01_p_mp_f_smuggler_01	676	p_head_000.ydd	mpsmuggler_female_p.rpf
mp_f_freemode_01_p_mp_f_stunt_01	360	p_head_000.ydd	mpstunt_female_p.rpf
mp_f_freemode_01_p_mp_f_sum	4	p_head_000.ydd	mpsum_female_p.rpf
mp_f_freemode_01_p_mp_f_sum2	344	p_ears_000.ydd	mpsum2_female_p.rpf
mp_f_freemode_01_p_mp_f_sum2_g9ec	62	p_ears_000.ydd	mpsum2_g9ec_female_p.rpf
mp_f_freemode_01_p_mp_f_tuner	64	p_head_000.ydd	mptuner_female_p.rpf
mp_f_freemode_01_p_mp_f_vinewood	440	p_ears_000.ydd	mpvinewood_female_p.rpf
mp_f_freemode_01_p_mp_m_stunt_01	88	p_head_009.ydd	mpstunt_female_p.rpf
mp_f_misty_01	20	hair_000_u.ydd	streamedpeds_mp.rpf
mp_f_stripperlite	160	accs_000_u.ydd	streamedpeds_mp.rpf
mp_headtargets	2606	feet_000_r.ydd	streamedpeds_mp.rpf
mp_m_claude_01	16	hair_000_u.ydd	streamedpeds_mp.rpf
mp_m_execpa_01	240	accs_000_u.ydd	mpexecutive_streamed.rpf
mp_m_execpa_01_p	14	hair_diff_000_a_uni.ytd	mpexecutive_streamed_p.rpf
mp_m_famdd_01	52	accs_000_u.ydd	streamedpeds_mp.rpf
mp_m_famdd_01_p	20	p_eyes_000.ydd	streamedpedprops.rpf
mp_m_fibsec_01	52	decl_000_u.ydd	streamedpeds_mp.rpf
mp_m_freemode_01	5868	accs_000_u.ydd	streamedpeds_mp.rpf
mp_m_freemode_01_dbmc_aio	16	jbib_000_u.ydd	dbmc_aio_male.rpf
mp_m_freemode_01_male_apt01	654	accs_000_u.ydd	mpapt01.rpf
mp_m_freemode_01_male_freemode_beach	415	accs_000_u.ydd	mpbeach.rpf
mp_m_freemode_01_male_freemode_business	987	accs_000_u.ydd	mpbusiness.rpf
mp_m_freemode_01_male_freemode_business2	576	accs_000_u.ydd	mpbusiness2.rpf
mp_m_freemode_01_male_freemode_halloween	104	berd_000_u.ydd	mphalloween.rpf
mp_m_freemode_01_male_freemode_hipster	814	accs_000_u.ydd	mphipster.rpf
mp_m_freemode_01_male_freemode_independence	309	accs_000_u.ydd	mpindependence.rpf
mp_m_freemode_01_male_freemode_mplts	1003	berd_000_u.ydd	mplts.rpf
mp_m_freemode_01_male_freemode_pilot	783	berd_000_u.ydd	mppilot.rpf
mp_m_freemode_01_male_freemode_valentines	238	accs_000_u.ydd	mpvalentines.rpf
mp_m_freemode_01_male_heist	1504	accs_000_u.ydd	mpheist_streamedpeds.rpf
mp_m_freemode_01_male_xmas	109	accs_000_u.ydd	mpxmas.rpf
mp_m_freemode_01_male_xmas2	190	berd_000_u.ydd	mpxmas2.rpf
mp_m_freemode_01_mp_m_2023_01	1192	accs_000_u.ydd	mp2023_01_male.rpf
mp_m_freemode_01_mp_m_2023_02	940	accs_000_u.ydd	mp2023_02_male.rpf
mp_m_freemode_01_mp_m_2024_01	622	accs_000_u.ydd	mp2024_01_male.rpf
mp_m_freemode_01_mp_m_2024_02	1544	accs_000_u.ydd	mp2024_02_male.rpf
mp_m_freemode_01_mp_m_2025_01	246	accs_000_u.ydd	mp2025_01_male.rpf
mp_m_freemode_01_mp_m_2025_02	278	accs_000_u.ydd	mp2025_02_male.rpf
mp_m_freemode_01_mp_m_2026_01	296	decl_000_u.ydd	mp2026_01_male.rpf
mp_m_freemode_01_mp_m_airraces_01	360	accs_000_u.ydd	mpairraces_male.rpf
mp_m_freemode_01_mp_m_assault	32	jbib_000_u.ydd	mpassault_male.rpf
mp_m_freemode_01_mp_m_battle	1526	accs_000_u.ydd	mpbattle_male.rpf
mp_m_freemode_01_mp_m_bikerdlc_01	2052	accs_000_u.ydd	mpbiker_male.rpf
mp_m_freemode_01_mp_m_christmas2017	2096	accs_000_u.ydd	mpchristmas2017_male.rpf
mp_m_freemode_01_mp_m_christmas2018	2690	accs_000_u.ydd	mpchristmas2018_male.rpf
mp_m_freemode_01_mp_m_christmas3	1970	accs_000_u.ydd	mpchristmas3_male.rpf
mp_m_freemode_01_mp_m_clothes_01	16	jbib_000_u.ydd	mpclothes_male.rpf
mp_m_freemode_01_mp_m_executive_01	626	accs_000_u.ydd	mpexecutive_male.rpf
mp_m_freemode_01_mp_m_g9ec	194	accs_000_u.ydd	mpg9ec_male.rpf
mp_m_freemode_01_mp_m_gtawhairmale	352	hair_000_u.ydd	gtawhairmale_male.rpf
mp_m_freemode_01_mp_m_gunrunning_01	3904	accs_000_u.ydd	mpgunrunning_male.rpf
mp_m_freemode_01_mp_m_gunrunning_hair_01	184	hair_000_u.ydd	mpgunrunning_male.rpf
mp_m_freemode_01_mp_m_heist3	1500	accs_000_u.ydd	mpheist3_male.rpf
mp_m_freemode_01_mp_m_heist4	1346	accs_000_u.ydd	mpheist4_male.rpf
mp_m_freemode_01_mp_m_heist_01	4	jbib_006_u.ydd	patchday5ng_male.rpf
mp_m_freemode_01_mp_m_htb_01	20	berd_000_u.ydd	mpreplay_male.rpf
mp_m_freemode_01_mp_m_importexport_01	1744	accs_000_u.ydd	mpimportexport_male.rpf
mp_m_freemode_01_mp_m_january2016	890	hand_000_u.ydd	mpjanuary2016_male.rpf
mp_m_freemode_01_mp_m_lowrider_01	500	decl_000_u.ydd	mplowrider_male.rpf
mp_m_freemode_01_mp_m_lowrider_02	454	feet_000_u.ydd	mplowrider2_male.rpf
mp_m_freemode_01_mp_m_luxe_01	756	accs_000_u.ydd	mpluxe_male.rpf
mp_m_freemode_01_mp_m_luxe_02	536	feet_000_u.ydd	mpluxe2_male.rpf
mp_m_freemode_01_mp_m_malemods	16	jbib_000_u.ydd	mods8.rpf
mp_m_freemode_01_mp_m_security	1226	accs_000_u.ydd	mpsecurity_male.rpf
mp_m_freemode_01_mp_m_smuggler_01	1498	accs_000_u.ydd	mpsmuggler_male.rpf
mp_m_freemode_01_mp_m_stunt_01	678	accs_000_u.ydd	mpstunt_male.rpf
mp_m_freemode_01_mp_m_sum	1354	accs_000_u.ydd	mpsum_male.rpf
mp_m_freemode_01_mp_m_sum2	854	accs_000_u.ydd	mpsum2_male.rpf
mp_m_freemode_01_mp_m_sum2_g9ec	94	accs_000_u.ydd	mpsum2_g9ec_male.rpf
mp_m_freemode_01_mp_m_tuner	1314	accs_000_u.ydd	mptuner_male.rpf
mp_m_freemode_01_mp_m_valentines_02	140	feet_000_u.ydd	mpvalentines2_male.rpf
mp_m_freemode_01_mp_m_vinewood	2134	accs_000_u.ydd	mpvinewood_male.rpf
mp_m_freemode_01_mp_m_xmas_03	218	berd_000_u.ydd	mpxmas_604490_male.rpf
mp_m_freemode_01_naterepack1	2132	accs_000_u.ydd	naterepack1_male.rpf
mp_m_freemode_01_naterepack2	1656	accs_000_u.ydd	naterepack2_male.rpf
mp_m_freemode_01_naterepack3	1772	jbib_000_u.ydd	naterepack3_male.rpf
mp_m_freemode_01_naterepack4	1146	decl_000_u.ydd	naterepack4_male.rpf
mp_m_freemode_01_naterepack5	1148	jbib_000_u.ydd	naterepack5_male.rpf
mp_m_freemode_01_naterepack6	2382	decl_000_u.ydd	naterepack6_male.rpf
mp_m_freemode_01_naterepack7	1690	jbib_000_u.ydd	naterepack7_male.rpf
mp_m_freemode_01_naterepack8	1110	accs_000_u.ydd	naterepack8_male.rpf
mp_m_freemode_01_naterepack9	2702	accs_000_u.ydd	naterepack9_male.rpf
mp_m_freemode_01_p	802	p_eyes_000.ydd	streamedpedprops.rpf
mp_m_freemode_01_p_dbmc_aio	4	p_head_000.ydd	dbmc_aio_male_p.rpf
mp_m_freemode_01_p_male_apt01	12	p_head_000.ydd	mpapt01_p.rpf
mp_m_freemode_01_p_male_freemode_beach	102	p_eyes_000.ydd	mpbeach_p.rpf
mp_m_freemode_01_p_male_freemode_business	179	p_eyes_000.ydd	mpbusiness_p.rpf
mp_m_freemode_01_p_male_freemode_hipster	144	p_eyes_000.ydd	mphipster_p.rpf
mp_m_freemode_01_p_male_freemode_independence	86	p_eyes_000.ydd	mpindependence_p.rpf
mp_m_freemode_01_p_male_freemode_mplts	18	p_head_000.ydd	mplts_p.rpf
mp_m_freemode_01_p_male_freemode_pilot	10	p_head_000.ydd	mppilot_p.rpf
mp_m_freemode_01_p_male_freemode_valentines	14	p_head_000.ydd	mpvalentines_p.rpf
mp_m_freemode_01_p_male_heist	130	p_ears_000.ydd	mpheist_streamedpeds_p.rpf
mp_m_freemode_01_p_male_xmas	25	p_head_000.ydd	mpxmas_p.rpf
mp_m_freemode_01_p_male_xmas2	96	p_head_000.ydd	mpxmas2_p.rpf
mp_m_freemode_01_p_mp_m_2023_01	244	p_eyes_000.ydd	mp2023_01_male_p.rpf
mp_m_freemode_01_p_mp_m_2023_02	268	p_eyes_000.ydd	mp2023_02_male_p.rpf
mp_m_freemode_01_p_mp_m_2024_01	170	p_eyes_000.ydd	mp2024_01_male_p.rpf
mp_m_freemode_01_p_mp_m_2024_02	272	p_head_000.ydd	mp2024_02_male_p.rpf
mp_m_freemode_01_p_mp_m_2025_01	48	p_head_000.ydd	mp2025_01_male_p.rpf
mp_m_freemode_01_p_mp_m_airraces_01	54	p_head_000.ydd	mpairraces_male_p.rpf
mp_m_freemode_01_p_mp_m_battle	12	p_head_000.ydd	mpbattle_male_p.rpf
mp_m_freemode_01_p_mp_m_bikerdlc_01	298	p_eyes_000.ydd	mpbiker_male_p.rpf
mp_m_freemode_01_p_mp_m_christmas2017	296	p_eyes_000.ydd	mpchristmas2017_male_p.rpf
mp_m_freemode_01_p_mp_m_christmas2018	232	p_eyes_000.ydd	mpchristmas2018_male_p.rpf
mp_m_freemode_01_p_mp_m_christmas3	514	p_eyes_000.ydd	mpchristmas3_male_p.rpf
mp_m_freemode_01_p_mp_m_clothes_01	8	p_eyes_000.ydd	mpclothes_male.rpf
mp_m_freemode_01_p_mp_m_executive_01	8	p_head_000.ydd	mpexecutive_male_p.rpf
mp_m_freemode_01_p_mp_m_g9ec	16	p_head_000.ydd	mpg9ec_male_p.rpf
mp_m_freemode_01_p_mp_m_gunrunning_01	702	p_head_000.ydd	mpgunrunning_male_p.rpf
mp_m_freemode_01_p_mp_m_heist3	346	p_head_000.ydd	mpheist3_male_p.rpf
mp_m_freemode_01_p_mp_m_heist4	294	p_eyes_000.ydd	mpheist4_male_p.rpf
mp_m_freemode_01_p_mp_m_importexport_01	120	p_head_000.ydd	mpimportexport_male_p.rpf
mp_m_freemode_01_p_mp_m_january2016	196	p_eyes_000.ydd	mpjanuary2016_male_p.rpf
mp_m_freemode_01_p_mp_m_lowrider_01	158	p_head_000.ydd	mplowrider_male_p.rpf
mp_m_freemode_01_p_mp_m_luxe_01	214	p_ears_000.ydd	mpluxe_male_p.rpf
mp_m_freemode_01_p_mp_m_luxe_02	176	p_ears_000.ydd	mpluxe2_male_p.rpf
mp_m_freemode_01_p_mp_m_security	460	p_eyes_000.ydd	mpsecurity_male_p.rpf
mp_m_freemode_01_p_mp_m_smuggler_01	676	p_head_000.ydd	mpsmuggler_male_p.rpf
mp_m_freemode_01_p_mp_m_stunt_01	452	p_head_000.ydd	mpstunt_male_p.rpf
mp_m_freemode_01_p_mp_m_sum	4	p_head_000.ydd	mpsum_male_p.rpf
mp_m_freemode_01_p_mp_m_sum2	340	p_ears_000.ydd	mpsum2_male_p.rpf
mp_m_freemode_01_p_mp_m_sum2_g9ec	60	p_ears_000.ydd	mpsum2_g9ec_male_p.rpf
mp_m_freemode_01_p_mp_m_tuner	68	p_head_000.ydd	mptuner_male_p.rpf
mp_m_freemode_01_p_mp_m_valentines_02	26	p_head_000.ydd	mpvalentines2_male_p.rpf
mp_m_freemode_01_p_mp_m_vinewood	344	p_ears_000.ydd	mpvinewood_male_p.rpf
mp_m_marston_01	16	hair_000_u.ydd	streamedpeds_mp.rpf
mp_m_niko_01	16	hair_000_r.ydd	streamedpeds_mp.rpf
mp_m_shopkeep_01	70	accs_000_u.ydd	streamedpeds_mp.rpf
mp_m_shopkeep_01_p	8	p_eyes_000.ydd	streamedpedprops.rpf
mp_s_m_armoured_01	28	accs_000_u.ydd	streamedpeds_mp.rpf
mp_s_m_armoured_01_p	8	p_head_000.ydd	streamedpedprops.rpf
player_one	1932	accs_000_u.ydd	streamedpeds_players.rpf
player_one_p	410	p_ears_000.ydd	streamedpedprops.rpf
player_two	1366	accs_000_u.ydd	streamedpeds_players.rpf
player_two_p	378	p_ears_000.ydd	streamedpedprops.rpf
player_two_trevor_heist	16	decl_000_u.ydd	trevor_outfits.rpf
player_zero	1552	accs_000_u.ydd	streamedpeds_players.rpf
player_zero_p	294	p_ears_000.ydd	streamedpedprops.rpf
p_franklin_02	108	accs_000_u.ydd	mpsecurity_streamed.rpf
p_franklin_02_p	12	p_eyes_000.ydd	mpsecurity_streamed_p.rpf
p_michael_02	28	feet_000_u.ydd	mp2025_02_streamed.rpf
